freessolv_index,iupac,delta_F,exp_dG,calc_dG,elapsed_time
0,"4-methoxy-N,N-dimethyl-benzamide",-9.626981223988237,-11.01,-9.625,1671.2969841957092
1,"methanesulfonyl chloride",-5.934209920520779,-4.87,-6.219,1646.0807206630707
2,"3-methylbut-1-ene",1.9554034564438936,1.83,2.452,1699.4510054588318
3,"2-ethylpyrazine",-5.296549937472742,-5.45,-5.809,1652.2202785015106
4,"heptan-1-ol",-2.76757713235353,-4.21,-2.917,1689.5732097625732
5,"3,5-dimethylphenol",-5.396081243141279,-6.27,-5.444,1671.075889825821
6,"2,3-dimethylbutane",2.1838643606015076,2.34,2.468,1681.9634776115417
7,"2-methylpentan-2-ol",-2.7940906069430698,-3.92,-2.779,1695.0085048675537
8,"1,2-dimethylcyclohexane",1.1124211535849813,1.58,1.685,1641.933565378189
9,"butan-2-ol",-2.712854994851731,-4.62,-3.145,1687.2182693481445
10,"dibromomethane",-0.16508032085130678,-1.96,-0.405,1610.369026184082
11,"2-methylpentan-3-ol",-2.400394784313131,-3.88,-2.416,1677.6300547122955
12,"2-ethylpyridine",-3.2339575492749857,-4.33,-3.31,1674.5235829353333
13,"ethyl pentanoate",-3.065140789481137,-2.49,-3.11,1664.9961576461792
14,"benzenethiol",-2.091038173944082,-2.55,-1.501,1578.8691596984863
15,"(2Z)-3,7-dimethylocta-2,6-dien-1-ol",-2.073588258143029,-4.78,-2.597,1682.8320899009705
16,"indane",-1.9073261712686873,-1.46,-1.752,1609.0261545181274
17,"ethoxybenzene",-2.4254687831973287,-2.22,-2.254,1691.3840086460114
18,"4-bromophenol",-5.359013948174969,-5.85,-5.833,1607.4531848430634
19,"2,2-dimethylpentane",2.2879211458023807,2.88,2.686,1656.976327419281
20,"2-acetoxyethyl acetate",-7.743381869462496,-6.34,-8.292,1672.1443886756897
21,"ethion",-12.671548088153465,-6.1,-10.644,1653.3604888916016
22,"cycloheptanol",-4.109464130863915,-5.48,-4.345,1605.5283615589142
23,"methyl cyclopropanecarboxylate",-3.958905613982413,-4.1,-3.604,1657.7164905071259
24,"benzonitrile",-2.89140122651186,-4.1,-3.238,1583.9461922645569
25,"pentanenitrile",-2.241130193573061,-3.52,-2.147,1715.0048818588257
26,"2-methylpropan-2-ol",-2.938892012198623,-4.47,-3.288,1695.8164258003235
27,"2,4-dimethylpentan-3-one",-2.868639516092046,-2.74,-2.629,1660.3175868988037
28,"propanal",-3.064982571099322,-3.43,-3.148,1669.5664999485016
29,"N,N-dimethylformamide",-6.654653981381016,-7.81,-6.932,1668.9043264389038
30,"p-xylene",-1.1586076941018697,-0.8,-0.658,1706.5567872524261
31,"penta-1,4-diene",2.0101106856068998,0.93,2.357,1680.286316394806
32,"2-(2,3-dimethylphenyl)aminobenzoic acid",-15.762812530684412,-6.78,-7.665,1693.0614259243011
33,"N,N-dimethylbenzamide",-8.534478906630307,-9.29,-8.113,1669.7089803218842
34,"N-ethylethanamine",-2.263770082093819,-4.07,-2.986,1710.5811178684235
35,"4-tert-butylphenol",-5.3389209513390234,-5.91,-5.543,1672.6082820892334
36,"isopentyl formate",-2.9736052562998396,-2.13,-3.414,1673.0378155708313
37,"decan-1-ol",-2.243942396348132,-3.64,-2.446,1685.3435456752777
38,"ethyl propanoate",-3.2351405825732718,-2.68,-3.221,1711.2969563007355
39,"nonane",2.597437758664198,3.13,3.221,1661.0178694725037
40,"N-methylacetamide",-8.059335882447831,-10.0,-8.276,1681.5287408828735
41,"non-1-ene",2.6674538336223494,2.06,2.995,1680.7589793205261
42,"naphthalen-2-ol",-7.24746817021309,-8.11,-7.849,1589.1293721199036
43,"1,2,4-trichlorobenzene",-0.057933705266759415,-1.12,-0.117,1578.8829703330994
45,"methyl butanoate",-3.44841494549671,-2.83,-3.552,1710.5572340488434
46,"2-hydroxybenzaldehyde",-7.891088554421723,-4.68,-8.809,1590.8589470386505
47,"azetidine",-3.7541668166522637,-5.56,-3.861,1640.4490168094635
48,"N-propylpropan-1-amine",-1.8493893788384028,-3.65,-2.233,1700.7753612995148
49,"aniline",-5.308052439579343,-5.49,-5.543,1629.1583445072174
50,"tetrafluoromethane",1.8363372602899706,3.12,2.489,1506.3678650856018
51,"2-methylbutan-1-ol",-2.506723795919519,-4.42,-2.995,1703.6881396770477
52,"2-iodophenol",-3.3511743172512083,-6.2,-3.221,1646.0358822345734
53,"2,6-dimethoxyphenol",-6.546441372150995,-6.96,-7.393,1684.002788066864
54,"but-1-yne",0.7277447484040738,-0.16,0.284,1698.6475238800049
55,"trifluoromethylbenzene",-1.1534053016811558,-0.25,-0.57,1593.6265172958374
56,"hydrazine",-3.766535118984962,-9.3,-6.508,1626.6660068035126
57,"2-methylpyridine",-3.108386798048182,-4.63,-3.501,1685.0934233665466
58,"simazine",-10.157892830051837,-10.22,-10.914,1687.8577165603638
59,"2,3-dichlorodibenzo-p-dioxin",-2.7465696079981066,-3.56,-3.59,1614.490972518921
60,"octan-1-amine",-1.575492382123839,-3.65,-2.589,1681.786850452423
61,"ammonia",-1.1807592844023642,-4.29,-4.018,1645.086181640625
62,"1,2-bis(trifluoromethyl)benzene",-2.1610614119497606,1.07,-1.441,1632.5555047988892
63,"methyl paraben",-9.061524490422194,-9.51,-9.785,1681.84685754776
64,"pentylbenzene",-0.7258373916538247,-0.23,-0.094,1670.0359463691711
65,"1,1-difluoroethane",-0.2478172572144709,-0.11,0.226,1667.1255331039429
66,"5-Amino-4-chloro-2-phenylpyridazin-3(2H)-one",-14.677531352626454,-16.43,-16.039,1649.8837912082672
67,"butadiene",1.9806990228933232,0.56,1.955,1663.3026387691498
68,"N,N-dimethylmethanamine",-2.560463016660037,-3.2,-2.636,1700.2892878055573
69,"hexanamide",-7.4545231241089,-9.31,-8.103,1670.4869875907898
70,"isobutyl nitrate",-0.5372433732115524,-1.88,-1.835,1703.9274904727936
71,"1-(2-hydroxyethylamino)-9,10-anthraquinone",-12.210786415795857,-14.21,-13.599,1617.5202691555023
72,"2-(nitrooxy)ethan-1-ol",-3.873866087241245,-8.18,-6.676,1678.985062122345
73,"octan-2-one",-2.7736675267461144,-2.88,-2.758,1692.1836023330688
74,"1-methylpiperazine",-7.663757947047722,-7.77,-8.173,1690.2263176441193
75,"ethanamine",-2.0718602322459776,-4.5,-3.156,1676.0459115505219
76,"cyclohepta-1,3,5-triene",-0.8687704128896696,-0.99,-0.098,1632.572438955307
77,"9,10-dihydroanthracene",-4.969242809738501,-3.78,-4.304,1597.5754940509796
78,"1,1-dichloroethane",-0.09316996588586646,-0.84,0.187,1637.784075975418
79,"3-methoxyphenol",-6.3990602564963135,-7.66,-6.969,1688.006292104721
80,"acenaphthene",-4.845613463648751,-3.15,-4.198,1605.073493719101
81,"1-bromooctane",0.7348805455731617,0.52,1.352,1668.6849751472473
82,"phenylmethanol",-5.0597631564795345,-6.62,-5.133,1660.554787158966
83,"5-bromouracil",-16.335645916652265,-18.17,-17.298,1589.7307612895966
84,"n-butane",2.5070092358173386,2.1,2.588,1673.817393064499
85,"chloromethane",0.637594717792432,-0.55,0.764,1677.0758516788483
86,"1-bromo-2-methyl-propane",0.6787521114809217,-0.03,0.756,1672.543125629425
87,"2-isopropylsulfanylpropane",-0.3041915461693404,-1.21,0.14,1685.3356530666351
88,"heptane",2.406411057212469,2.67,2.925,1662.6132471561432
89,"imidazole",-7.7397252919478445,-9.63,-7.972,1600.5364348888397
90,"1,2,3,7-tetrachlorodibenzo-p-dioxin",-2.236667330636951,-3.84,-2.66,1599.4888896942139
91,"bromacil",-14.244251470814579,-9.73,-14.496,1667.5737285614014
92,"diiodomethane",-1.8426366910188614,-2.49,-1.882,1613.6467502117157
93,"N,N-dipropyl(propylsulfanyl)formamide",-4.9557694935153025,-4.13,-4.569,1645.6213285923004
94,"nitromethane",-0.9334346995372361,-4.02,-2.075,1685.1792480945587
95,"methoxyethane",-1.013346350627053,-2.1,-0.71,1668.0942726135254
96,"2-chloro-1,1,1-trimethoxy-ethane",-3.878404744530864,-4.59,-3.638,1700.9364268779755
97,"isobutane",2.176138653622933,2.3,2.535,1703.1589405536652
98,"3-methylbutanoic acid",-11.240192269021126,-6.09,-8.844,1673.8296265602112
100,"1-chloropropane",0.764736387515821,-0.33,0.973,1717.4745874404907
101,"1-propylsulfanylpropane",-0.2781857235727715,-1.28,0.64,1681.939205646515
102,"hexan-3-ol",-2.550586171446088,-4.06,-2.585,1697.9952363967896
103,"acetonitrile",-2.295114453309526,-3.88,-2.789,1660.4376261234283
104,"N-methyl-N-(2,2,2-trifluoroethyl)aniline",-4.506396937042438,-1.92,-3.964,1683.765653371811
105,"2-chloro-2-(difluoromethoxy)-1,1,1-trifluoro-ethane",-2.038742782870138,0.1,-1.156,1603.3105356693268
106,"hexa-1,5-diene",2.054049685715056,1.01,2.487,1654.4263141155243
107,"m-xylene",-1.3502677239058138,-0.83,-0.697,1670.9241018295288
108,"methyl acetate",-3.574464628684813,-3.13,-3.83,1709.0557205677032
109,"trimethoxymethylbenzene",-5.350264321949692,-4.04,-5.559,1682.0126206874847
110,"ethyl benzoate",-4.953395854320575,-3.64,-4.597,1704.6219022274017
111,"propanethiol",-0.6643208506661655,-1.1,-0.182,1687.1303000450134
112,"heptan-2-one",-2.9281235196595965,-3.04,-2.945,1656.9815328121185
113,"carbofuran",-10.897891832178022,-9.61,-11.126,1673.8334798812866
114,"benzyl bromide",-1.9916105812794336,-2.38,-1.853,1654.474368572235
115,"ethyl hexanoate",-3.223522518087991,-2.23,-2.929,1678.1674554347992
116,"1-methoxypropane",-0.6530790210001769,-1.66,-0.598,1703.5532262325287
117,"4-methylmorpholine",-5.795775962494081,-6.32,-5.774,1699.635308265686
118,"3-hydroxybenzonitrile",-7.100390384764787,-9.65,-7.739,1586.6093249320984
119,"1,2,4,5-tetrachloro-3-(3,4-dichlorophenyl)benzene",-0.6058312368388544,-4.38,-0.705,1610.7859916687012
120,"propylbenzene",-1.1038247226506952,-0.53,-0.511,1669.5843245983124
121,"caffeine",-17.332250911218505,-12.64,-17.621,1676.0478253364563
122,"N-methylmethanamine",-2.579041043668725,-4.29,-2.991,1695.8347976207733
123,"1,1,2,3,3,3-hexafluoroprop-1-ene",1.3718190054336799,2.93,2.305,1526.2387948036194
124,"4-chlorophenol",-4.783132743361207,-7.03,-5.373,1591.7713220119476
125,"piperidine",-2.58182604445373,-5.11,-3.873,1634.6180400848389
126,"phenanthrene",-6.0969086542130535,-3.88,-5.264,1580.9041891098022
127,"iodomethane",-0.6532219772560515,-0.89,-0.641,1688.6039650440216
128,"3,5-dichloro-2,6-dimethoxyphenol",-4.152582457462363,-6.44,-5.98,1661.0819959640503
129,"(E)-1,2-dichloroethylene",0.9854643067684327,-0.78,1.024,1570.285614490509
130,"n-pentane",2.3423030712696766,2.3,2.673,1664.8742489814758
131,"butanenitrile",-2.019631283902079,-3.64,-2.287,1666.6083388328552
132,"2-bromo-1,1,1,2-tetrafluoro-ethane",-0.3436506573901832,0.5,0.234,1578.5824949741364
133,"2-isobutylpyrazine",-5.048005927451856,-5.04,-5.495,1673.602962732315
134,"[(2S)-butan-2-yl] nitrate",-0.9709480299366969,-1.82,-1.864,1673.5932745933533
135,"1,4-dichloro-2-phenyl-benzene",-1.8055645843802959,-2.46,-1.903,1582.0015454292297
136,"1,2,3,4-tetrachloro-5-phenyl-benzene",-1.8074975380427805,-3.48,-1.31,1576.7229418754578
137,"2,3-dimethylpentane",2.2473008782218913,2.52,2.625,1676.1529042720795
138,"4-methylpentan-2-ol",-2.5387072870054648,-3.73,-2.907,1688.3966591358185
139,"tetrahydropyran",-2.0380202964670304,-3.12,-1.809,1629.474541425705
140,"cyclopropane",1.7714459443395552,0.75,2.485,1654.8420910835266
141,"1,2,3,4-tetrachloro-5-(3,4,5-trichlorophenyl)benzene",-0.7178139056291526,-3.17,-0.822,1573.224354505539
142,"1,1-dichloroethylene",1.096819586061011,0.25,1.108,1645.0532686710358
143,"2-methylpropan-1-ol",-2.49827378517921,-4.5,-3.13,1663.9186239242554
144,"propyl propanoate",-3.091660452829044,-2.44,-2.453,1703.3892450332642
145,"hexachloroethane",1.1352380577608023,-0.64,0.885,1511.6051051616669
146,"methylsulfanylbenzene",-1.9076814277768572,-2.73,-1.325,1695.0265443325043
147,"2-ethylphenol",-4.580375912840792,-5.66,-4.768,1682.2269005775452
148,"2-chloro-2-methyl-propane",0.4877636799156902,1.09,0.826,1715.7751653194427
149,"isoprene",1.5171837474453627,0.68,1.824,1674.0854365825653
150,"1-isopropyl-4-methyl-benzene",-0.9770233850214673,-0.68,-0.456,1655.3423879146576
151,"1-methylimidazole",-6.073515262557257,-8.41,-6.282,1676.1781466007233
152,"ethylene glycol",-6.448368090154733,-9.3,-7.266,1666.3760323524475
153,"1,2-dichlorobenzene",-0.6147124938992914,-1.36,-0.553,1595.7187445163727
154,"6-chlorouracil",-14.145497384834353,-15.83,-15.128,1604.0315947532654
155,"propyl formate",-2.97074036121306,-2.48,-3.699,1653.408103942871
156,"2-chlorodibenzo-p-dioxin",-3.189600249704393,-3.1,-4.054,1589.6315531730652
157,"hexanoic acid",-9.921910144070235,-6.21,-7.878,1656.4893386363983
158,"diethyl butanedioate",-6.4323464553112295,-5.71,-8.683,1697.6738696098328
159,"2,4-dimethylpyridine",-3.4948658609770935,-4.86,-3.282,1677.3263697624207
160,"cyclohexene",0.576515369052497,0.14,1.175,1629.2681574821472
161,"1,4-dimethylpiperazine",-8.036014066501588,-7.58,-7.874,1663.0692873001099
162,"1,2,3,4-tetrachloro-5-(3,4-dichlorophenyl)benzene",-1.4575024853287877,-3.04,-1.083,1578.208744764328
163,"quinone",-6.523937259744219,-6.5,-6.96,1605.3691008090973
164,"methyl 2-chloroacetate",-3.576084903179569,-4.0,-3.816,1669.721352338791
165,"butanal",-3.1881580532608336,-3.18,-3.044,1668.5485310554504
166,"ethylbenzene",-1.1552171501833495,-0.79,-0.606,1676.2159614562988
167,"1,1,2-trichloroethylene",0.6802081063867784,-0.44,0.818,1569.780514240265
168,"N,N-diethylethanamine",-2.3188483717276487,-3.22,-1.955,1677.838088274002
169,"1,2,3,4,7-pentachlorodibenzo-p-dioxin",-1.9272148805092146,-4.15,-2.31,1580.5223326683044
170,"3,4-dimethylpyridine",-3.0878453143514637,-5.22,-3.201,1698.961695432663
171,"cyanuric acid",-20.45998975723924,-18.06,-21.762,1603.6247148513794
172,"benzaldehyde",-5.053518820258007,-4.02,-5.058,1590.9917469024658
173,"2-chloropyridine",-3.569736545925975,-4.39,-3.873,1588.048957824707
174,"3-chloroprop-1-ene",0.7046015989511354,-0.57,0.944,1665.2307665348053
175,"1-(p-tolyl)ethanone",-5.414372405352851,-4.7,-4.91,1690.8706641197205
176,"formaldehyde",-2.8231042668827735,-2.75,-3.155,1639.7108099460602
177,"1-chloro-2-methyl-benzene",-0.8173658350486751,-1.14,-0.473,1696.7656953334808
178,"1-pyrrolidin-1-ylethanone",-7.7329862106340705,-9.8,-7.831,1684.0275657176971
179,"1,1,1-trimethoxyethane",-4.001507965991481,-4.42,-3.7,1666.2050971984863
180,"butylbenzene",-0.9812651737575835,-0.4,-0.227,1676.0922148227692
181,"N,N-dimethylaniline",-4.5393675374484115,-3.45,-4.426,1686.0818152427673
182,"2-methoxypropane",-0.6710075694940888,-2.01,-0.657,1665.8057205677032
183,"1,2,3,4,6,7,8,9-octachlorodibenzo-p-dioxin",-1.493007031006482,-4.53,-1.147,1536.1945612430573
184,"1,2,3,4,5-pentachloro-6-(2,3,4,5,6-pentachlorophenyl)benzene",1.315217275637372,-2.98,0.76,1523.403207540512
185,"1,1,2-trichloroethane",-0.2920208822997397,-1.99,-0.384,1607.318930864334
186,"N-methylaniline",-5.450816014414294,-4.69,-5.719,1697.0478210449219
187,"isopropyl acetate",-3.5675424038078796,-2.64,-3.371,1661.7402155399323
188,"benzene",-1.2149262042251543,-0.9,-0.806,1589.2859733104706
189,"1,2,3-trichlorobenzene",-0.5394657965022365,-1.24,-0.51,1643.8604822158813
191,"3-(dimethoxyphosphinothioylsulfanylmethyl)-1,2,3-benzotriazin-4-one",-14.70698187337666,-10.03,-14.106,1671.9446833133698
192,"1,2,4-trichlorodibenzo-p-dioxin",-2.8300607219015306,-4.05,-3.16,1586.5333228111267
193,"2,3-dimethylbuta-1,3-diene",1.8735290684493,0.4,1.862,1703.8441240787506
194,"hex-1-ene",2.1316695682643627,1.58,2.628,1669.0391290187836
195,"hydrogen sulfide",-1.3792729820601985,-0.7,-1.135,1592.142202615738
196,"ethoxyethane",-0.736091530206553,-1.59,-0.617,1682.7549452781677
197,"2-N-ethyl-6-(methylsulfanyl)-4-N-(propan-2-yl)-1,3,5-triazine-2,4-diamine",-10.50796941242209,-7.65,-10.552,1657.1368036270142
198,"butyl paraben",-8.455604868915188,-8.72,-8.771,1688.06227517128
199,"hexyl acetate",-2.941919199745045,-2.26,-2.219,1679.831444978714
200,"cyclopentanone",-3.8820131916494214,-4.7,-3.889,1672.3999996185303
201,"pentanoic acid",-12.947579177433022,-6.16,-9.053,1669.3097240924835
202,"bromoethane",0.5152679732399114,-0.74,0.487,1642.888548374176
203,"2,6-dimethylnaphthalene",-3.3626258540291136,-2.63,-2.848,1639.9377698898315
204,"hexan-1-ol",-2.7988955771431283,-4.4,-3.0,1667.0744376182556
205,"1-chloro-2-phenyl-benzene",-2.9134416716930076,-2.69,-2.508,1614.5607657432556
206,"1-methylcyclohexene",0.9365167938709631,0.67,1.338,1657.9077920913696
207,"hexyl nitrate",-0.38250154819656473,-1.66,-1.596,1680.8985214233398
208,"bromoform",-0.21135538772925158,-2.13,-0.531,1583.0971693992615
209,"4-ethylphenol",-5.188090227818071,-6.13,-5.453,1682.0040867328644
210,"2-propoxyethanol",-3.148647170582983,-6.4,-3.94,1681.626586675644
211,"phenyl formate",-6.268038639328424,-3.82,-5.442,1588.0734751224518
212,"5-iodouracil",-17.16058104385746,-18.72,-17.742,1587.603343486786
213,"butyric acid",-8.595991598539452,-6.35,-9.434,1665.0420169830322
214,"1,1,1-trifluoro-2,2,2-trimethoxyethane",-2.6960939135510262,-0.8,-2.319,1659.903814315796
215,"(2S,3R,4S,5R)-oxane-2,3,4,5-tetrol",-10.842082489394308,-20.52,-14.148,1617.7968440055847
216,"bromo-trifluoro-methane",1.1945457433397915,1.79,1.564,1518.7462632656097
217,"butan-1-ol",-2.6576512316444365,-4.72,-3.232,1696.3716933727264
218,"fluorobenzene",-0.5817085563338139,-0.8,-0.041,1593.1695446968079
219,"ethyl acetate",-3.49533813384549,-2.94,-3.745,1664.5100734233856
220,"isobutyl 2-methylpropanoate",-2.7376860609440214,-1.69,-2.58,1687.6668314933777
221,"2-methoxy-2-methyl-propane",-0.8836858126116547,-2.21,-0.691,1653.2110002040863
222,"heptachlor",-0.6921794135969422,-2.55,-0.974,1611.756543636322
223,"pentan-3-one",-3.1711889241706306,-3.41,-3.05,1703.1815149784088
224,"methyl 2,2,2-trifluoroacetate",-1.333161045471158,-1.1,-1.353,1662.3116829395294
225,"naphthalene",-3.857617929446506,-2.4,-3.213,1630.4185109138489
226,"1,2,3,4-tetrachloro-5-(2,3,4-trichlorophenyl)benzene",-0.7598055566921604,-4.4,-0.805,1573.0615100860596
227,"acetylsalicylic acid",-16.18802961754978,-9.94,-9.399,1661.2665657997131
228,"3,3-dimethylbutan-2-one",-3.265415986708877,-3.11,-3.234,1667.645369052887
229,"methyl methanesulfonate",-8.502137856502436,-4.87,-8.824,1678.3793523311615
230,"4-ethylpyridine",-2.9348815130233454,-4.73,-3.19,1681.9748122692108
231,"N-isopropylpropan-2-amine",-1.8528706836914897,-3.22,-1.985,1676.3214716911316
232,"2,7-dichlorodibenzo-p-dioxin",-2.454335927168133,-3.67,-3.321,1626.6970796585083
233,"heptan-1-amine",-1.9468790440057386,-3.79,-2.554,1663.7702949047089
234,"methylcyclopentane",1.3568774939957842,1.59,1.785,1665.79558634758
235,"propane",2.2486577834155472,2.0,2.495,1717.1633369922638
236,"2-methyltetrahydrofuran",-1.7071680068104802,-3.3,-1.984,1669.9531683921814
237,"naphthalen-1-yl N-methylcarbamate",-10.498860566078704,-9.45,-10.436,1684.4186444282532
238,"3-hydroxybenzaldehyde",-8.959892760461969,-9.52,-9.369,1623.278969526291
239,"anthracene",-5.975423073334916,-3.95,-5.187,1615.3139066696167
240,"dichloromethane",-0.14826716658139263,-1.31,0.038,1646.3405566215515
241,"methyl 2,2-dimethylpropanoate",-3.182987430435521,-2.4,-3.304,1670.966918706894
242,"trichloro(nitro)methane",0.5762669810552515,-1.45,-0.379,1558.8381190299988
243,"sulfolane",-10.768996622255157,-8.61,-9.624,1623.6545948982239
244,"2,6-dimethylphenol",-4.420328826596285,-5.26,-4.308,1694.9420311450958
245,"m-cresol",-5.067149011984881,-5.49,-5.378,1666.5763285160065
246,"1-amino-4-hydroxy-9,10-anthracenedione",-10.074549282916365,-9.53,-10.984,1662.909363746643
247,"1,4-diamino-9,10-anthracenedione",-13.206574642824915,-11.85,-15.252,1638.652488231659
248,"nonan-2-one",-2.890341137602136,-2.49,-2.563,1685.6257684230804
249,"butan-1-amine",-1.9553192387885032,-4.24,-2.961,1700.1176970005035
250,"ethyl butanoate",-2.8906913770948797,-2.49,-3.381,1684.84383893013
251,"4-methylaniline",-5.131437657750173,-5.57,-5.494,1712.799119234085
252,"1-iodohexane",-0.38607268249599097,0.08,0.043,1698.2864797115326
253,"1,1,2-trichloro-1,2,2-trifluoro-ethane",1.468123832635914,1.77,1.691,1513.185986995697
254,"trimethyl phosphate",-10.371259137669377,-8.7,-10.642,1702.72864818573
255,"1,3-dichlorobenzene",-0.25494995153709327,-0.98,-0.11,1619.5120253562927
256,"1,3-dimethylnaphthalene",-3.696737621582095,-2.47,-2.995,1667.041053056717
257,"isohexane",2.226472035310636,2.51,2.808,1692.7197906970978
259,"2-chloro-1,1,1-trifluoro-ethane",-0.5136907740411079,0.06,0.233,1643.9196257591248
260,"ethylene",2.1409487654030093,1.28,2.328,1618.7699739933014
261,"1-iodopentane",-0.19590431313803822,-0.14,-0.111,1706.8331389427185
262,"trimethoxymethane",-4.725444885852794,-4.42,-4.625,1675.208725452423
263,"decane",2.9615881320521065,3.16,3.335,1658.7210698127747
264,"1,2-dinitroxypropane",-2.546253918190399,-4.95,-5.646,1701.5009961128235
265,"prop-1-ene",2.1513588962927703,1.32,2.328,1689.0296547412872
266,"3-methyl-1H-indole",-7.454306359915502,-5.88,-8.161,1654.6973474025726
267,"(1R)-2,2,2-trichloro-1-dimethoxyphosphoryl-ethanol",-13.595551379458122,-12.74,-13.424,1662.2475981712341
268,"cyclohexane",1.1543217694967938,1.23,1.503,1636.0360627174377
269,"(2E)-3,7-dimethylocta-2,6-dien-1-ol",-2.3046937461415493,-4.45,-2.518,1700.114336490631
270,"cumene",-1.2858735617152168,-0.3,-0.674,1673.3367247581482
271,"2,3,4-trimethylpentane",1.979423026664294,2.56,2.674,1694.9201488494873
272,"3-methylbutan-2-one",-3.088597641173109,-3.24,-3.078,1675.6702489852905
273,"N-butylbutan-1-amine",-1.559920283453323,-3.24,-2.076,1675.329592704773
274,"butane-1-thiol",-0.4730394134429543,-0.99,-0.174,1681.4569935798645
275,"1,2,3,4-tetrachlorodibenzo-p-dioxin",-2.3771311648192106,-3.81,-2.775,1603.7384715080261
276,"2,6-dichlorosyringaldehyde",-7.843153402488646,-8.68,-9.846,1685.834450006485
277,"cyclohexanamine",-3.100882297785549,-4.59,-3.953,1612.375037431717
278,"chloro-difluoro-methane",-0.42091290101376394,-0.5,-0.067,1580.1211950778961
279,"methyl 4-nitrobenzoate",-5.519597424991464,-6.88,-6.588,1657.5517740249634
280,"1-(3-pyridyl)ethanone",-6.742368216853318,-8.26,-7.844,1688.9664933681488
281,"prop-1-yne",0.490763424501769,-0.48,0.065,1684.3304724693298
282,"nonanal",-2.6359649966736307,-2.07,-2.336,1690.239275932312
283,"propionic acid",-14.321384622123702,-6.46,-9.088,1709.4754371643066
284,"chloroform",0.23851954698354527,-1.08,0.285,1584.2859899997711
285,"1,2,3-trimethylbenzene",-1.5961725426141429,-1.21,-0.883,1681.8984942436218
286,"methane",2.3004881958684797,2.0,2.446,1745.6791529655457
287,"benzyl chloride",-1.994128637509895,-1.93,-1.742,1633.29843211174
288,"methylcyclohexane",1.2702383387909735,1.7,1.679,1665.618344783783
289,"2-methylthiophene",-0.6268022045286522,-1.38,-0.3,1709.492366552353
290,"pyridine",-3.3253627222882702,-4.69,-3.508,1585.1067576408386
291,"1-chlorobutane",0.8627193252329584,-0.16,0.993,1706.3469400405884
292,"2,5-dimethyltetrahydrofuran",-1.8194182885285475,-2.92,-1.787,1664.1256160736084
293,"4-methyl-2-methoxyphenol",-3.4697657000802806,-5.8,-4.547,1668.0361940860748
295,"toluene",-1.3235643587971628,-0.9,-0.79,1702.6608164310455
296,"isobutyl formate",-3.2067110029642185,-2.22,-3.458,1668.6224346160889
297,"ethyl paraben",-8.9001156241479,-9.2,-9.535,1703.4255242347717
298,"1,2-diethoxyethane",-2.9816548632683215,-3.54,-3.42,1706.8249859809875
299,"pentyl propanoate",-3.178940142190916,-2.11,-2.176,1681.8164517879486
300,"4-propylphenol",-4.881981540884876,-5.21,-5.211,1673.881207704544
301,"2-methylbut-2-ene",1.871151888186374,1.31,2.272,1698.345136642456
302,"1,2-dichloroethane",0.14300055831933475,-1.79,-0.363,1628.187979221344
303,"3,3-dimethylpentane",2.0194646667498612,2.56,2.593,1688.2261304855347
304,"2,3-dimethylnaphthalene",-3.9661979708309953,-2.78,-2.953,1673.242248058319
305,"2,6-dimethylpyridine",-3.944158997555007,-4.59,-3.443,1690.636977672577
306,"2,2-dichloro-1,1-difluoro-1-methoxy-ethane",-0.7439213979915383,-1.12,-0.685,1681.3160495758057
307,"2-ethoxyethyl acetate",-5.294246569586608,-5.31,-5.751,1674.0284204483032
308,"3-methoxyaniline",-6.663665379236666,-7.29,-7.201,1687.3673706054688
309,"pyridine-3-carbaldehyde",-7.056658359671495,-7.1,-7.425,1587.7214658260345
310,"2-methylbutan-2-ol",-2.823314451798425,-4.43,-2.933,1682.1177244186401
311,"alachlor",-8.796416891308159,-8.21,-6.851,1667.6638441085815
312,"1-methylpyrrole",-3.1113425529592487,-2.89,-2.374,1697.2582168579102
313,"dimethoxymethane",-2.3315228384688704,-2.93,-3.221,1672.7653110027313
314,"pentan-3-ol",-2.6308082068077963,-4.35,-2.786,1678.3340315818787
315,"undecan-2-one",-2.399183147647246,-2.15,-2.201,1651.7743964195251
316,"1-bromo-2-chloro-ethane",-0.7198010974131881,-1.95,-0.8,1644.2407577037811
317,"iodobenzene",-1.2232792604048512,-1.74,-1.057,1630.4658026695251
318,"3,5,5-trimethylcyclohex-2-en-1-one",-4.390263035680442,-5.18,-4.088,1665.4685056209564
319,"iodoethane",-0.601634443107223,-0.74,-0.609,1698.3999016284943
320,"4-propylguaiacol",-3.8871858946013615,-5.26,-4.127,1665.7618827819824
321,"2-bromopropane",0.44058241482475385,-0.48,0.448,1671.080846786499
322,"1-bromo-4-methyl-benzene",-0.9896598515664534,-1.39,-0.894,1695.6684727668762
323,"4-hydroxybenzonitrile",-7.0654506361394365,-10.17,-8.39,1575.7526280879974
324,"methylsulfonylmethane",-10.35277863950156,-10.08,-10.559,1687.3339796066284
325,"3-ethylphenol",-5.12828890898908,-6.25,-5.272,1682.6068472862244
326,"(1S,5R)-2-methyl-5-(1-methylethenyl)-2-cyclohexen-1-ol",-3.277165605576727,-4.44,-3.257,1698.1283826828003
327,"1,4-dibromobenzene",-1.1100824214509146,-2.3,-1.091,1596.4426374435425
328,"dicamba",-12.2204115772778,-9.86,-8.658,1680.3341822624207
329,"pent-2-ene",2.0857112554883064,1.31,2.374,1666.6308109760284
330,"ethane",2.316869690536496,1.83,2.465,1673.605834722519
331,"1,2-dimethoxybenzene",-4.1819586083145,-5.33,-4.055,1675.545244693756
332,"ethylsulfanylethane",-0.24788554026494825,-1.46,0.299,1687.7120835781097
333,"pyridine-3-carbonitrile",-4.975008934014767,-6.75,-5.582,1617.8233318328857
334,"3,4-dichlorophenol",-4.827523981274863,-7.29,-5.139,1591.963872909546
335,"anisole",-2.611772803186554,-2.45,-2.318,1684.4245483875275
336,"2,5-dimethylphenol",-4.655851654358108,-5.91,-5.014,1670.471012353897
337,"1,4-dichlorobenzene",-0.351413865076145,-1.01,-0.19,1587.634493112564
338,"chloro-fluoro-methane",-0.48663892203848047,-0.77,-0.171,1612.0757071971893
339,"pent-1-ene",2.249398063728021,1.68,2.532,1671.5331246852875
340,"1,2,3,4-tetrachlorobenzene",-0.27908308545599947,-1.34,-0.304,1589.009855747223
341,"hept-1-yne",1.0138576729178241,0.6,0.639,1690.9183597564697
342,"decan-2-one",-2.727530920329678,-2.34,-2.573,1688.3810994625092
343,"chlorobenzene",-0.7581171171779627,-1.12,-0.475,1592.1452193260193
344,"[2-benzhydryloxyethyl]-dimethyl-amine",-8.191723844327345,-9.34,-7.873,1667.1742565631866
345,"pentanal",-3.1292756228609426,-3.03,-2.927,1682.5504658222198
346,"diphenyl ether",-2.9373206013983504,-2.87,-2.81,1601.4913184642792
347,"cyclohexanone",-4.120802962672372,-4.91,-4.18,1640.1383311748505
348,"1-nitrobutane",-0.7430436982315393,-3.09,-1.449,1681.6909670829773
349,"pyridine-4-carbaldehyde",-7.019231669186983,-7.0,-7.338,1577.942397594452
350,"1-chloro-2-(2-chloroethoxy)ethane",-2.41779196749563,-4.23,-2.248,1670.3858082294464
351,"1-nitroethane",-0.8843342607249298,-3.71,-1.839,1669.0474724769592
352,"3-chloropyridine",-2.221175171093373,-4.01,-2.767,1595.357929944992
353,"bromomethane",0.316074522600251,-0.82,0.46,1674.2032914161682
354,"methanol",-2.8336298598338443,-5.1,-3.491,1671.3886179924011
355,"heptanal",-2.6612309628452904,-2.67,-2.704,1696.4778850078583
356,"1,3-dichloro-2-(2,6-dichlorophenyl)benzene",-1.4588218750478281,-2.28,-1.226,1602.6831204891205
357,"2-nitroaniline",-7.716325263774028,-7.37,-7.66,1671.73473238945
358,"1-methylpiperidine",-3.957721445667077,-3.88,-3.467,1664.8662395477295
359,"octanal",-2.746024761447399,-2.29,-2.57,1660.380919933319
360,"nitrobenzene",-2.4775760393234565,-4.12,-3.46,1597.7831859588623
361,"(2S,5R)-2-isopropyl-5-methylcyclohexanone",-4.226528055945519,-2.53,-3.523,1675.3722834587097
362,"(2R,3R,4S,5S,6R)-6-(hydroxymethyl)tetrahydropyran-2,3,4,5-tetrol",-14.325880824966422,-25.47,-18.095,1644.9624626636505
363,"fluoromethane",0.5204488933752546,-0.22,0.881,1657.7846834659576
364,"methylsulfinylmethane",-8.223627816503727,-9.28,-8.243,1700.7743864059448
365,"dibenzo-p-dioxin",-3.9131055972524034,-3.15,-4.9,1620.1597208976746
366,"2-methylaniline",-5.373459958368514,-5.53,-5.325,1676.7129044532776
367,"1-bromobutane",0.48325044681422025,-0.4,0.705,1680.786631822586
368,"nonan-1-ol",-2.331847862002331,-3.88,-2.564,1685.3244574069977
369,"4-methylpyridine",-3.216218184111367,-4.93,-3.343,1664.1259999275208
370,"1,1,2,2-tetrachloroethylene",1.4478812691698872,0.1,1.328,1545.8013439178467
371,"2-bromo-2-methyl-propane",0.21319014730447186,0.84,0.438,1695.017187833786
372,"1,1-diphenylethene",-3.257330272614254,-2.78,-2.47,1606.1112658977509
373,"1-ethyl-4-methyl-benzene",-1.3748725098334535,-0.95,-0.575,1669.5684974193573
374,"3-methylpyridine",-2.7846333327021635,-4.77,-3.221,1708.7408275604248
375,"1,1,1,2-tetramethoxyethane",-5.564574806977164,-5.73,-5.436,1702.1382269859314
376,"9H-fluorene",-4.984110774810127,-3.35,-4.269,1613.856048822403
377,"acetamide",-8.085322052355176,-9.71,-8.82,1673.1573691368103
378,"dimethyl sulfate",-6.574155390735592,-5.1,-8.411,1710.9002599716187
379,"1,1,2,2-tetrachloroethane",-0.01285120448833045,-2.37,-0.534,1616.5812997817993
380,"methyl cyclohexanecarboxylate",-4.194128121814085,-3.3,-4.376,1638.3861923217773
381,"1-bromohexane",0.8284220732914099,0.18,1.076,1690.076367855072
382,"1-bromoheptane",0.8910793052608297,0.34,1.223,1673.3441715240479
383,"1-chlorodibenzo-p-dioxin",-3.8168100852690103,-3.52,-4.473,1622.693103313446
384,"3,3,3-trimethoxypropanenitrile",-5.286547140398814,-6.4,-5.859,1672.5406374931335
385,"2-chlorobutane",0.6632280337499376,0.0,0.927,1716.6334302425385
386,"hexylbenzene",-0.7398622093132622,-0.04,-0.1,1682.3256707191467
387,"2-chlorosyringaldehyde",-6.800799528298237,-7.78,-8.292,1676.547168970108
388,"m-bis(trifluoromethyl)benzene",-1.240375269814432,1.07,-0.34,1621.39559340477
389,"1-benzylimidazole",-8.12808504892317,-7.63,-7.997,1646.0305452346802
390,"naphthalen-1-amine",-7.60289869918968,-7.28,-7.777,1596.7272295951843
391,"diethyl propanedioate",-6.1706456902021,-6.0,-6.716,1664.5093359947205
392,"1-cyclopropylethanone",-3.401581231006683,-4.61,-3.043,1690.598671913147
393,"pyrrole",-4.620843181364151,-4.78,-4.014,1595.6593534946442
394,"diflunisal",-15.54060867561928,-9.4,-6.613,1574.8533854484558
395,"1,4-dimethylcyclohexane",1.486511451631687,2.11,1.918,1675.9898171424866
396,"cyclohexanol",-2.9004056289021363,-5.46,-4.178,1604.4778442382812
398,"4-fluorophenol",-4.836561529915066,-6.19,-4.955,1596.9865844249725
399,"2-chloroaniline",-4.457350337782447,-4.91,-4.847,1655.5517015457153
400,"1,2,4-trimethylbenzene",-1.6831848196874346,-0.86,-0.795,1675.9397242069244
401,"1-ethyl-2-methylbenzene",-1.4168283706032263,-0.85,-0.761,1678.073058128357
402,"(2R,5R)-2-methyl-5-(1-methylethenyl)-cyclohexanone",-3.5912989339377646,-3.75,-3.344,1673.4882731437683
403,"biphenyl",-3.6367409092520595,-2.7,-3.143,1595.358475446701
404,"2,3-dimethylphenol",-4.980295868580141,-6.16,-5.148,1684.7084975242615
405,"methylparathion",-8.179919199126799,-7.19,-10.466,1772.753701210022
407,"1-N,1-N-diethyl-2,6-dinitro-4-(trifluoromethyl)benzene-1,3-diamine",-7.084456325291107,-5.66,-7.503,1696.7108755111694
408,"methylsulfanylmethane",-0.008919881394875382,-1.61,0.44,1696.5417017936707
409,"ketoprofen",-17.05948436496573,-10.78,-17.242,1677.9042859077454
410,"cyclopentanol",-3.893836843761951,-5.49,-4.29,1629.0984020233154
411,"methyl pentanoate",-2.885230693173994,-2.56,-3.492,1670.122231721878
412,"2-methylpent-1-ene",1.9550052291034417,1.47,2.486,1690.6977326869965
413,"flurbiprofen",-16.285010703093874,-8.42,-13.953,1692.4340200424194
414,"nitralin",-10.150745671377072,-7.98,-11.246,1689.6250507831573
415,"chloroethylene",1.1618818962904307,-0.59,1.162,1609.7844383716583
416,"N,N-4-trimethylbenzamide",-8.5805872512237,-9.76,-8.081,1668.319457769394
417,"heptan-4-one",-2.8181102824083752,-2.92,-2.704,1684.1199252605438
418,"methyl benzoate",-4.9659195389142825,-3.92,-4.921,1680.125407218933
419,"4-methylbenzaldehyde",-5.242634028307849,-4.27,-5.014,1708.1074748039246
420,"propyl butanoate",-2.975348426818265,-2.28,-2.754,1673.428287744522
421,"piperazine",-6.551995016735176,-7.4,-8.481,1634.1927757263184
422,"dialifor",-18.589584956958674,-5.74,-16.515,1687.4150915145874
423,"2-ethoxyethanol",-4.300191071507646,-6.69,-4.407,1660.6064548492432
424,"3-methylpentane",2.2137768805057667,2.51,2.613,1675.165988445282
425,"2-methylpyrazine",-5.696780655245638,-5.51,-6.161,1676.5331227779388
426,"1-nitropropane",-0.7294091448872669,-3.34,-1.632,1706.428983926773
427,"mesitylene",-1.1380231340800155,-0.9,-0.553,1680.2953674793243
428,"5-fluorouracil",-15.85266747709556,-16.92,-16.371,1590.21684384346
429,"ethanol",-2.7612393620333053,-5.0,-3.394,1686.2233455181122
430,"1,4-dimethylnaphthalene",-3.968475868460521,-2.82,-3.081,1663.880339384079
431,"2,3,7,8-tetrachlorodibenzo-p-dioxin",-1.737821969899198,-3.37,-2.54,1598.129251241684
432,"dichlobenil",-3.090546782308205,-4.71,-3.32,1591.3776700496674
433,"ethyl formate",-3.485668772806153,-2.56,-3.867,1683.0541596412659
434,"1,2,4,5-tetrachlorobenzene",0.035536439649768436,-1.34,0.035,1614.7967596054077
435,"diethoxymethoxybenzene",-4.3274966973111235,-5.23,-5.203,1681.1282324790955
436,"3-nitrophenol",-6.655305769012235,-9.62,-7.889,1631.6424424648285
437,"octan-1-ol",-2.3457434918626654,-4.09,-2.69,1667.502670288086
438,"but-1-ene",1.9754427988304901,1.38,2.367,1705.5294597148895
439,"carbon tetrachloride",1.240210370385272,0.08,1.185,1532.874686717987
440,"2-phenylethanol",-4.910612929732305,-6.79,-5.28,1624.2678246498108
441,"fenuron",-12.0281976425487,-9.13,-11.81,1675.4766781330109
442,"methyldisulfanylmethane",-0.6084565249997312,-1.83,-0.093,1676.3250699043274
443,"captan",-7.914308690521245,-9.01,-8.718,1603.7962334156036
444,"2,3-diacetoxypropyl acetate",-11.023042931646753,-8.84,-12.333,1701.2070589065552
445,"methoxymethane",-0.49050810555786056,-1.91,-0.853,1696.0773179531097
446,"hexane",2.2186612563800265,2.48,2.851,1691.4671533107758
447,"1,2-dibromoethane",-0.16287997547418706,-2.33,-1.275,1616.0822818279266
448,"1,1,1,2,2-pentachloroethane",0.1510616503023975,-1.23,0.059,1621.1042425632477
449,"5-trifluoromethyluracil",-17.486536427293007,-15.46,-17.349,1596.354552745819
450,"2,6-dimethylaniline",-5.20548860837392,-5.21,-5.57,1678.3332872390747
451,"propyl acetate",-2.9701006920625574,-2.79,-3.486,1679.458063364029
452,"quinoline",-4.92327942486387,-5.72,-4.989,1605.4177453517914
453,"ethanethiol",-0.8087715462442273,-1.14,-0.395,1702.335078239441
454,"ethyldisulfanylethane",-0.9791337375855309,-1.64,-0.979,1676.8144977092743
455,"thiophene",-0.6868226891846249,-1.4,-0.359,1628.139273405075
456,"1-ethylnaphthalene",-3.467847226087644,-2.4,-2.961,1674.8430814743042
457,"pentan-2-one",-3.032033331066536,-3.52,-3.166,1674.5590670108795
458,"1,2,3,4-tetrachloro-5-(2,3,4,6-tetrachlorophenyl)benzene",0.2327368637925651,-4.61,-0.039,1617.5141201019287
459,"profluralin",-2.255212070180038,-2.45,-1.956,1670.923372745514
460,"acetic acid",-10.40543401221775,-6.69,-7.281,1685.853343486786
461,"acetaldehyde",-3.1991645589581683,-3.5,-3.372,1664.8989322185516
462,"3-nitroaniline",-6.896819759457093,-8.84,-8.204,1670.9964005947113
463,"hex-1-yne",0.9390993501186168,0.29,0.553,1697.5889098644257
464,"2-methoxyaniline",-5.7499847146343175,-6.12,-6.771,1687.3924026489258
465,"phenol",-5.275513092538919,-6.6,-5.707,1585.5606513023376
466,"propanenitrile",-2.312508045290248,-3.84,-2.491,1673.955750465393
467,"naphthalen-1-ol",-7.339800255146574,-7.67,-7.137,1619.3804178237915
468,"butyl acetate",-3.5740069728226374,-2.64,-3.406,1663.0741543769836
469,"aldicarb",-5.29548267955274,-9.84,-9.679,1681.8290271759033
470,"o-cresol",-4.869272231799629,-5.9,-5.076,1708.2390413284302
471,"2-methylpropanal",-2.738822574076671,-2.86,-2.968,1677.2072913646698
472,"propionamide",-7.98641656431318,-9.4,-8.31,1692.77002286911
473,"1-bromopropane",0.33554144485550436,-0.56,0.579,1698.789526939392
474,"2-chloropropane",0.5872591335106607,-0.25,0.833,1708.3550391197205
475,"1,3-dichloropropane",-0.7511672582582872,-1.89,-0.416,1660.407143831253
476,"4-nitrophenol",-6.904938539951782,-10.64,-8.472,1611.5179016590118
477,"1,2-dichloropropane",0.5237383057364621,-1.27,-0.265,1680.4140043258667
478,"4-chloroaniline",-4.839817831367641,-5.9,-5.281,1642.2488403320312
479,"1-amino-9,10-anthracenedione",-10.941204566475575,-9.44,-12.214,1618.926052570343
480,"2,3-dimethylpyridine",-3.370310466097852,-4.82,-3.367,1708.4399056434631
481,"pyridine-4-carbonitrile",-4.931107418909385,-6.02,-5.765,1583.788685798645
483,"1-cyclohexylethanone",-3.7055533332850032,-3.9,-4.003,1663.892632484436
484,"2-methylbenzaldehyde",-5.368235993594284,-3.93,-4.554,1685.8266816139221
485,"1-(4-pyridyl)ethanone",-7.232809962886323,-7.62,-7.566,1686.579171180725
486,"1,2,3,4,7,8-hexachlorodibenzo-p-dioxin",-1.967356418026975,-3.71,-1.878,1586.582183122635
487,"acetone",-3.348184202311132,-3.8,-3.506,1676.1459262371063
488,"2-methylprop-1-ene",1.9083032831362652,1.16,2.327,1698.2507996559143
489,"1,2,3-trichloro-5-(2,5-dichlorophenyl)benzene",-0.7930946291636808,-3.61,-0.922,1580.208979845047
490,"1-nitropentane",-0.1978513487196028,-2.82,-1.325,1699.97638297081
491,"(2E)-hex-2-enal",-3.849637716623481,-3.68,-3.123,1703.304514169693
492,"N,N-dimethyl-4-nitro-benzamide",-9.432982569542732,-11.95,-10.036,1693.8272080421448
493,"tetrahydrofuran",-2.1997640169796244,-3.47,-2.201,1651.8065104484558
494,"octane",2.3860142555522073,2.88,3.088,1662.5072720050812
495,"trifluralin",-2.3586561067751703,-3.25,-2.023,1662.6683557033539
496,"(3R)-3,7-Dimethylocta-1,6-dien-3-yl acetate",-3.308623629148666,-2.49,-2.964,1674.7985496520996
497,"1,3-bis-(nitrooxy)butane",-2.6256375246893895,-4.29,-4.944,1678.2622528076172
498,"2-isopropoxypropane",-0.3424575951173196,-0.53,-0.178,1679.50203871727
499,"2-methylhexane",2.1916396978265262,2.93,2.894,1670.4524731636047
500,"pentachloronitrobenzene",-0.33453159987644215,-5.22,-1.284,1531.8735790252686
501,"2-bromo-2-chloro-1,1,1-trifluoro-ethane",0.006606477949923323,-0.11,0.206,1571.9082398414612
502,"1-butoxybutane",-0.22107207100963472,-0.83,0.139,1678.396163225174
503,"pentylcyclopentane",1.6968869864794627,2.55,2.381,1673.4707868099213
504,"2,4-dimethylpentane",2.4076386574888953,2.83,2.756,1670.9444735050201
505,"2,5-dimethylpyridine",-2.913434972800492,-4.72,-3.165,1709.077781677246
506,"but-2-enal",-4.0578206541610955,-4.22,-3.341,1671.0088131427765
507,"3-methylhexane",2.2465541747458393,2.71,2.81,1665.6226904392242
508,"1,3,5-trichloro-2-(2,6-dichlorophenyl)benzene",-0.42594458975741795,-1.96,-0.477,1585.9295423030853
509,"1,2,2-trifluoroethoxybenzene",-4.684958563127398,-1.29,-3.043,1608.9417595863342
510,"1,2-dimethoxyethane",-2.713024743206199,-4.84,-3.103,1697.7750613689423
511,"sec-butylbenzene",-1.0654415030165543,-0.45,-0.22,1675.2461950778961
512,"3-phenylpropan-1-ol",-5.477993743631705,-6.92,-5.771,1609.9017148017883
513,"2-[(1R)-1-methylpropyl]-4,6-dinitro-phenolate",-3.4248822204322615,-6.23,-5.378,1703.0944185256958
514,"methyl 4-methoxybenzoate",-6.002108967926029,-5.33,-6.462,1681.9395384788513
515,"N-(3,4-dichlorophenyl)propanimidic acid",-8.979187744748678,-7.78,-9.409,1691.1637291908264
516,"naproxen",-18.326191805982834,-10.21,-12.199,1686.4702932834625
517,"octafluorocyclobutane",1.394184919591453,3.43,3.077,1564.372516155243
518,"isopentyl acetate",-3.138684990492895,-2.21,-3.067,1689.5291814804077
519,"1-chlorohexane",1.0800250475221056,0.0,1.261,1693.4798512458801
520,"4-methylpentan-2-one",-3.0121657195678697,-3.05,-3.116,1679.284981250763
521,"hexanal",-2.8368895206698257,-2.81,-2.86,1696.768049955368
522,"3-chloroaniline",-4.713567547145317,-5.82,-5.138,1636.6295566558838
523,"morpholine",-5.688193146383823,-7.17,-6.116,1627.761040687561
524,"1,1-diethoxyethane",-2.266056794067413,-3.28,-1.795,1699.39590716362
525,"N-butyl-N-ethyl-2,6-dinitro-4-(trifluoromethyl)aniline",-1.928522530098567,-3.51,-2.303,1677.2450652122498
526,"methanethiol",-0.5462244722234673,-1.2,-0.273,1674.388931274414
527,"endosulfan alpha",-7.611546904255464,-4.23,-9.785,1625.3800466060638
528,"1-(4-methoxyphenyl)ethanone",-6.715329067733455,-4.4,-6.575,1666.9704961776733
529,"prop-2-en-1-ol",-2.301234132343905,-5.03,-3.286,1630.7023694515228
530,"methylsulfanylethane",-0.20949805882704942,-1.5,0.386,1717.0251727104187
531,"pentyl acetate",-3.1148220256548647,-2.51,-2.565,1673.066866159439
532,"1,2,3,5-tetrachlorobenzene",0.05949994053877372,-1.62,0.136,1593.5764150619507
533,"1-phenylethanone",-5.373601198979576,-4.58,-5.078,1678.0085365772247
534,"chloroethane",0.6582813626537476,-0.63,0.775,1681.0648682117462
535,"propylcyclopentane",1.6207691643275322,2.13,2.102,1662.3033502101898
536,"1,3,5-trichlorobenzene",0.37504123112570026,-0.78,0.326,1630.8680675029755
537,"propyl paraben",-8.808005336708305,-9.37,-8.945,1693.0997388362885
538,"3-chlorophenol",-4.6310461878153655,-6.62,-5.018,1619.3972160816193
539,"3-methylbutan-1-ol",-2.799070444165483,-4.42,-3.237,1693.532601594925
540,"pentan-1-amine",-1.9406054828972652,-4.09,-2.835,1679.8484239578247
541,"terbacil",-13.523784505204143,-11.14,-13.769,1681.8774988651276
542,"2,2,5-trimethylhexane",2.559126031565111,2.93,2.97,1675.97141289711
543,"2-butoxyethanol",-3.194287036156418,-6.25,-3.85,1656.525425195694
544,"endrin",-4.822729334461396,-4.82,-5.179,1645.461578130722
545,"benzamide",-9.631258785120242,-11.0,-10.412,1643.3441724777222
546,"2-nitropropane",-0.6325275811307121,-3.13,-1.741,1717.9841990470886
547,"glycerol",-8.522695483175006,-13.43,-10.14,1653.7692863941193
548,"1-iodopropane",-0.602542605157014,-0.53,-0.443,1667.3438558578491
549,"2-methoxyethanamine",-3.886410387221219,-6.55,-5.027,1670.097730398178
550,"1,1,1,2-tetrachloroethane",-0.09278961706273144,-1.43,-0.091,1613.1401777267456
551,"methyl propanoate",-3.4582498638292174,-2.93,-3.652,1683.162475347519
552,"cyclopentane",1.1518616777244457,1.2,1.648,1650.628059387207
553,"3-ethylpyridine",-3.054013820670006,-4.59,-2.965,1682.678484916687
554,"3,5-dimethylpyridine",-2.706797610273645,-4.84,-2.869,1714.626769542694
555,"2-methoxyethanol",-3.1950496670519275,-6.619999999999999,-4.686,1684.398823261261
556,"methyl formate",-3.4546481083633234,-2.78,-4.028,1710.9432628154755
557,"naphthalen-2-amine",-7.85056829883692,-7.47,-8.003,1623.646178483963
558,"4-methyl-1H-imidazole",-8.034673644674516,-10.27,-8.205,1667.9089229106903
559,"1-methyl-3-nitro-benzene",-2.543414651087383,-3.45,-3.278,1687.355804681778
560,"1,4-dichlorobutane",-0.4940943297945518,-2.32,-0.404,1642.6806304454803
561,"nitroxyacetone",-4.2073203161719,-5.99,-5.362,1673.394936800003
562,"tert-butylbenzene",-1.4082986561678954,-0.44,-0.803,1655.770956993103
563,"methyl hexanoate",-3.0472187480264408,-2.49,-3.299,1678.95378947258
564,"1,1,1-trifluoropropan-2-ol",-3.26623247788255,-4.16,-3.518,1712.2262392044067
565,"1-bromo-pentane",0.6752903574513001,-0.1,0.824,1691.6574921607971
566,"oct-1-ene",2.605073417336253,1.92,2.895,1687.4939692020416
567,"6-isopropyl-3-methyl-1-cyclohex-2-enone",-4.373616154126575,-4.51,-3.825,1701.7385141849518
568,"propan-2-ol",-3.405856215944786,-4.74,-3.427,1710.098088502884
569,"hexan-1-amine",-1.9756778790795597,-3.95,-2.772,1682.0334799289703
570,"3-nitrooxypropyl nitrate",-3.064086230214224,-4.8,-5.322,1645.678451538086
571,"2,4-dimethylphenol",-4.390420800295651,-6.01,-4.98,1656.4954044818878
572,"pentan-1-ol",-2.415324718933979,-4.57,-3.054,1665.016444683075
573,"pentan-2-ol",-2.4867180149886043,-4.39,-2.945,1680.7305054664612
574,"3-methylheptane",2.5212933611888513,2.97,3.03,1685.7845788002014
575,"ibuprofen",-13.238407731564878,-7.0,-10.857,1679.428948879242
576,"diethyl (2R)-2-dimethoxyphosphinothioylsulfanylbutanedioate",-12.72692976130966,-8.15,-11.194,1666.5929260253906
577,"3,4-dimethylphenol",-5.15155667187775,-6.5,-5.471,1685.6349456310272
578,"4-chloro-3-methyl-phenol",-4.391018679817068,-6.79,-5.14,1671.3838136196136
579,"hept-2-ene",2.448634800816379,1.68,2.78,1686.6136343479156
580,"1-propoxypropane",-0.3628473828716211,-1.16,-0.004,1673.2642242908478
581,"(1R,2S,5R)-2-isopropyl-5-methylcyclohexanol",-3.379025918325635,-3.2,-3.35,1682.7461171150208
582,"terbutryn",-10.505236670167228,-6.68,-9.271,1657.0619337558746
583,"2,2,4-trimethylpentane",2.3462454415552534,2.89,2.542,1670.9090926647186
584,"nonan-5-one",-2.400629348575171,-2.64,-2.364,1674.172877073288
585,"pebulate",-5.382935422694931,-3.64,-4.573,1687.1078712940216
586,"hept-1-ene",2.263362004298431,1.66,2.761,1667.497888803482
587,"isopropyl formate",-3.172889764887369,-2.02,-3.591,1700.3279542922974
588,"1-acetoxyethyl acetate",-7.105041816999831,-4.97,-8.006,1680.3100244998932
589,"5-chlorouracil",-16.06947664355453,-17.74,-16.612,1621.4770369529724
590,"isopropenylbenzene",-0.885706484453046,-1.24,-0.651,1679.157987833023
591,"isopentane",2.207604396858637,2.38,2.59,1712.5897545814514
592,"butyl nitrate",-0.7752789191470049,-2.09,-1.938,1667.1817691326141
593,"bromobenzene",-1.284921097258986,-1.46,-0.947,1627.1976203918457
594,"1,1,1-trichloroethane",0.5044761217799563,-0.19,0.505,1682.9988210201263
595,"4-(1-Methylethenyl)-1-cyclohexene-1-carboxaldehyde",-3.7223213530431507,-4.09,-3.591,1686.4144287109375
596,"1-methyl-2-nitro-benzene",-3.0508220900342273,-3.58,-3.133,1704.8776080608368
597,"1-iodoheptane",-0.07143914720764484,0.27,0.228,1672.7556602954865
598,"pyrene",-7.560993559630558,-4.52,-6.79,1598.6606178283691
599,"1-chloro-pentane",0.8646590821164386,-0.1,1.084,1688.8489501476288
600,"isobutyl acetate",-2.927824886350914,-2.36,-2.896,1689.612669467926
601,"2,2-dimethylbutane",2.3159786037079435,2.51,2.495,1680.12788438797
602,"4-nitroaniline",-8.043800018629181,-9.82,-9.416,1648.5246436595917
603,"methyl 2-cyanoacetate",-5.407744326675801,-6.72,-6.36,1682.381426334381
604,"4-methoxyaniline",-6.433339883171691,-7.48,-7.016,1676.5971767902374
605,"isobutylbenzene",-0.8785790015299597,0.16,-0.257,1666.6441478729248
606,"1,3,5-trichloro-2-phenyl-benzene",-1.1849749444418505,-2.16,-1.151,1595.4418895244598
607,"methanamine",-2.348056191053366,-4.55,-3.583,1678.1969194412231
608,"2-chlorophenol",-3.429398329744054,-4.55,-3.317,1621.7952134609222
609,"2-amino-9,10-anthraquinone",-13.170916406291381,-11.53,-13.895,1600.4821722507477
610,"(Z)-1,2-dichloroethylene",0.09369630168486848,-1.17,1.156,1582.1048700809479
611,"hexan-2-one",-3.0111834867047382,-3.28,-3.006,1674.4941971302032
612,"1,2-dinitroxyethane",-2.973905395520732,-5.73,-6.227,1672.890009880066
613,"2-fluorophenol",-3.3335357996447827,-5.29,-3.346,1589.3176927566528
614,"pirimor",-13.4139866970575,-9.41,-13.87,1663.4815583229065
615,"styrene",-1.2696189586957078,-1.24,-1.078,1641.33278632164
617,"2,2,2-trifluoroethanol",-3.387995210797159,-4.31,-3.809,1663.800525188446
618,"1-butoxy-2-propanol",-3.50705150042844,-5.73,-3.891,1667.7650904655457
619,"propan-1-ol",-2.785939204986783,-4.85,-3.33,1669.4913258552551
620,"o-xylene",-1.3926056746227264,-0.9,-0.851,1675.4825427532196
621,"neopentane",2.1124030060750734,2.51,2.506,1676.306114435196
622,"pent-1-yne",0.8011542886191972,0.01,0.47,1684.8023309707642
623,"phthalimide",-11.255935198522664,-9.61,-11.825,1585.2894444465637
624,"1-iodobutane",-0.6219215226864694,-0.25,-0.223,1702.2142910957336
625,"p-cresol",-5.421398016580571,-6.13,-5.579,1674.2411770820618
626,"2-iodopropane",-0.695619578833883,-0.46,-0.492,1671.0945076942444
627,"2-methoxyphenol",-3.965290071752939,-5.94,-4.746,1721.225347995758
628,"cyclopentene",0.8054550359496481,0.56,1.23,1653.0343124866486
629,"111-trifluoropropan-2-ol",-3.2032440334401446,-4.2,-3.486,1684.7810726165771
630,"propan-1-amine",-1.9439864067011232,-4.39,-3.053,1711.5723674297333
631,"2-nitrophenol",-3.4315582044070507,-4.58,-5.667,1613.2988319396973
632,"1-methylnaphthalene",-4.017544704431427,-2.44,-3.212,1690.3258147239685
633,"hexachlorobenzene",0.42207956741085506,-2.33,0.379,1552.788049697876
634,"oct-2-enal",-3.716361138395119,-3.43,-2.706,1688.8506939411163
635,"oct-1-yne",0.7791970237420336,0.71,0.832,1676.0431542396545
636,"diazinon",-11.201967850912974,-6.48,-10.753,1661.3617115020752
637,"methyl octanoate",-3.0337004933476166,-2.04,-3.035,1688.2536871433258
638,"pyrrolidine",-3.6077117755519352,-5.48,-4.278,1631.8866000175476
639,"4-hydroxybenzaldehyde",-9.155008564649407,-8.83,-10.05,1601.1338534355164
640,"1-chloroheptane",0.7905531695175354,0.29,1.467,1664.3442132472992
641,"1,4-dioxane",-3.73877674106261,-5.06,-4.269,1631.4141590595245
